canopy.cat,temp.min.cat,t.cut.mass.m2.mean,t.cut.mass.m2.max,t.cut.mass.m2.min
c.closed,te.lo,1.703053715,2.140532908,1.088319601
c.closed,te.mid,0.911116874,1.669208266,0
c.closed,te.hi,1.321148547,1.779849792,0.32090772
c.open,te.lo,1.655014896,2.041393474,1.268636318
c.open,te.mid,1.663960381,2.238473148,1.089447614
c.open,te.hi,1.055307081,1.468532459,0.642081702
